data_pobrania,kod,nazwa,upvotes,mentions,rank,mention_change,source_url
2026-07-19T00:22:53+02:00,MU,Micron Technology,652,118,1,-646,https://feargreedmeter.com/top-100-most-popular-meme-stocks-today
2026-07-19T00:22:53+02:00,SPY,SPDR S&P 500 ETF Trust,460,72,2,-339,https://feargreedmeter.com/top-100-most-popular-meme-stocks-today
2026-07-19T00:22:53+02:00,DTE,DTE Energy,6066,64,3,-37,https://feargreedmeter.com/top-100-most-popular-meme-stocks-today
2026-07-19T00:22:53+02:00,QQQ,Invesco QQQ ETF,449,45,4,-170,https://feargreedmeter.com/top-100-most-popular-meme-stocks-today
2026-07-19T00:22:53+02:00,SPCX,SpaceX,742,42,5,-277,https://feargreedmeter.com/top-100-most-popular-meme-stocks-today
2026-07-19T00:22:53+02:00,EU,enCore Energy,337,39,6,30,https://feargreedmeter.com/top-100-most-popular-meme-stocks-today
2026-07-19T00:22:53+02:00,NVDA,NVIDIA,475,32,7,-78,https://feargreedmeter.com/top-100-most-popular-meme-stocks-today
2026-07-19T00:22:53+02:00,MSFT,Microsoft,189,27,8,-82,https://feargreedmeter.com/top-100-most-popular-meme-stocks-today
2026-07-19T00:22:53+02:00,SNDK,Sandisk,154,27,9,-195,https://feargreedmeter.com/top-100-most-popular-meme-stocks-today
2026-07-19T00:22:53+02:00,META,Meta Platforms (Facebook),254,25,10,-70,https://feargreedmeter.com/top-100-most-popular-meme-stocks-today
2026-07-19T00:22:53+02:00,VOO,Vanguard S&P 500 ETF,248,20,11,-58,https://feargreedmeter.com/top-100-most-popular-meme-stocks-today
2026-07-19T00:22:53+02:00,AMD,AMD,61,18,12,-64,https://feargreedmeter.com/top-100-most-popular-meme-stocks-today
2026-07-19T00:22:53+02:00,HBM,Hudbay Minerals,240,17,13,-3,https://feargreedmeter.com/top-100-most-popular-meme-stocks-today
2026-07-19T00:22:53+02:00,TQQQ,ProShares Trust - ProShares UltraPro QQQ,241,17,14,4,https://feargreedmeter.com/top-100-most-popular-meme-stocks-today
2026-07-19T00:22:53+02:00,GOOG,Alphabet (Google),166,16,15,-21,https://feargreedmeter.com/top-100-most-popular-meme-stocks-today
2026-07-19T00:22:53+02:00,IBM,IBM,85,16,16,-31,https://feargreedmeter.com/top-100-most-popular-meme-stocks-today
2026-07-19T00:22:53+02:00,RKLB,Rocket Lab USA,183,14,17,-47,https://feargreedmeter.com/top-100-most-popular-meme-stocks-today
2026-07-19T00:22:53+02:00,OKLO,Oklo,87,14,18,9,https://feargreedmeter.com/top-100-most-popular-meme-stocks-today
2026-07-19T00:22:53+02:00,NBIS,Nebius Group,30,14,19,-50,https://feargreedmeter.com/top-100-most-popular-meme-stocks-today
2026-07-19T00:22:53+02:00,TSLA,Tesla,129,13,20,-37,https://feargreedmeter.com/top-100-most-popular-meme-stocks-today
2026-07-19T00:22:53+02:00,ALL,Allstate,155,13,21,2,https://feargreedmeter.com/top-100-most-popular-meme-stocks-today
2026-07-19T00:22:53+02:00,ASTS,AST SpaceMobile,45,13,22,-97,https://feargreedmeter.com/top-100-most-popular-meme-stocks-today
2026-07-19T00:22:53+02:00,SMCI,Supermicro,100,11,23,-3,https://feargreedmeter.com/top-100-most-popular-meme-stocks-today
2026-07-19T00:22:53+02:00,NFLX,Netflix,18,10,24,-173,https://feargreedmeter.com/top-100-most-popular-meme-stocks-today
2026-07-19T00:22:53+02:00,ASML,ASML,28,10,25,-3,https://feargreedmeter.com/top-100-most-popular-meme-stocks-today
2026-07-19T00:22:53+02:00,IQ,iQIYI,83,10,26,4,https://feargreedmeter.com/top-100-most-popular-meme-stocks-today
2026-07-19T00:22:53+02:00,SOXL,Direxion Shares ETF Trust - Direxion Daily Semiconductor Bull 3X Share,15,10,27,-52,https://feargreedmeter.com/top-100-most-popular-meme-stocks-today
2026-07-19T00:22:53+02:00,NOW,ServiceNow,19,9,28,-12,https://feargreedmeter.com/top-100-most-popular-meme-stocks-today
2026-07-19T00:22:53+02:00,AMC,AMC Entertainment,38,9,29,-2,https://feargreedmeter.com/top-100-most-popular-meme-stocks-today
2026-07-19T00:22:53+02:00,SMR,NuScale Power,43,9,30,8,https://feargreedmeter.com/top-100-most-popular-meme-stocks-today
2026-07-19T00:22:53+02:00,API,Agora.io,16,9,31,-55,https://feargreedmeter.com/top-100-most-popular-meme-stocks-today
2026-07-19T00:22:53+02:00,LOT,Lotus Technology,16,9,32,6,https://feargreedmeter.com/top-100-most-popular-meme-stocks-today
2026-07-19T00:22:53+02:00,AAPL,Apple,132,8,33,-123,https://feargreedmeter.com/top-100-most-popular-meme-stocks-today
2026-07-19T00:22:53+02:00,AMZN,Amazon,112,8,34,2,https://feargreedmeter.com/top-100-most-popular-meme-stocks-today
2026-07-19T00:22:53+02:00,USO,United States Commodity Funds LLC - United States Oil Fund,22,8,35,-13,https://feargreedmeter.com/top-100-most-popular-meme-stocks-today
2026-07-19T00:22:53+02:00,VT,"Vanguard Group, Inc. - Vanguard Total World Stock ETF",13,8,36,-6,https://feargreedmeter.com/top-100-most-popular-meme-stocks-today
2026-07-19T00:22:53+02:00,GOOGL,Alphabet (Google),146,8,37,-25,https://feargreedmeter.com/top-100-most-popular-meme-stocks-today
2026-07-19T00:22:53+02:00,LINK,Interlink Electronics,10,8,38,-4,https://feargreedmeter.com/top-100-most-popular-meme-stocks-today
2026-07-19T00:22:53+02:00,TE,T1 Energy,15,8,39,-6,https://feargreedmeter.com/top-100-most-popular-meme-stocks-today
2026-07-19T00:22:53+02:00,IT,Gartner,1403,7,40,-17,https://feargreedmeter.com/top-100-most-popular-meme-stocks-today
2026-07-19T00:22:53+02:00,WEN,Wendy’s Company,20,7,41,-33,https://feargreedmeter.com/top-100-most-popular-meme-stocks-today
2026-07-19T00:22:53+02:00,MRVL,Marvell Technology Group,130,7,42,-28,https://feargreedmeter.com/top-100-most-popular-meme-stocks-today
2026-07-19T00:22:53+02:00,HR,Healthcare Realty,32,7,43,6,https://feargreedmeter.com/top-100-most-popular-meme-stocks-today
2026-07-19T00:22:53+02:00,AM,Antero Midstream,-2,7,44,-24,https://feargreedmeter.com/top-100-most-popular-meme-stocks-today
2026-07-19T00:22:53+02:00,HOOD,Robinhood,26,7,45,-25,https://feargreedmeter.com/top-100-most-popular-meme-stocks-today
2026-07-19T00:22:53+02:00,FA,First Advantage,51,7,46,6,https://feargreedmeter.com/top-100-most-popular-meme-stocks-today
2026-07-19T00:22:53+02:00,TSM,TSMC,16,6,47,-33,https://feargreedmeter.com/top-100-most-popular-meme-stocks-today
2026-07-19T00:22:53+02:00,SO,Southern Company,11,6,48,-4,https://feargreedmeter.com/top-100-most-popular-meme-stocks-today
2026-07-19T00:22:53+02:00,AAA,Listed Funds Trust - AAF First Priority CLO Bond ETF,64,6,49,5,https://feargreedmeter.com/top-100-most-popular-meme-stocks-today
2026-07-19T00:22:53+02:00,GME,GameStop,66,6,50,-2,https://feargreedmeter.com/top-100-most-popular-meme-stocks-today
2026-07-19T00:22:53+02:00,FCF,First Commonwealth Financial Corp,12,6,51,-4,https://feargreedmeter.com/top-100-most-popular-meme-stocks-today
2026-07-19T00:22:53+02:00,RR,Richtech Robotics,8,6,52,0,https://feargreedmeter.com/top-100-most-popular-meme-stocks-today
2026-07-19T00:22:53+02:00,RDDT,Reddit,15,6,53,-18,https://feargreedmeter.com/top-100-most-popular-meme-stocks-today
2026-07-19T00:22:53+02:00,INTC,Intel,31,5,54,-14,https://feargreedmeter.com/top-100-most-popular-meme-stocks-today
2026-07-19T00:22:53+02:00,ORCL,Oracle,25,5,55,-29,https://feargreedmeter.com/top-100-most-popular-meme-stocks-today
2026-07-19T00:22:53+02:00,GE,General Electric,12,5,56,0,https://feargreedmeter.com/top-100-most-popular-meme-stocks-today
2026-07-19T00:22:53+02:00,BABA,Alibaba,6,5,57,1,https://feargreedmeter.com/top-100-most-popular-meme-stocks-today
2026-07-19T00:22:53+02:00,CC,Chemours,127,5,58,-6,https://feargreedmeter.com/top-100-most-popular-meme-stocks-today
2026-07-19T00:22:53+02:00,IBKR,Interactive Brokers,10,5,59,-1,https://feargreedmeter.com/top-100-most-popular-meme-stocks-today
2026-07-19T00:22:53+02:00,CPA,Copa Holdings,16,5,60,5,https://feargreedmeter.com/top-100-most-popular-meme-stocks-today
2026-07-19T00:22:53+02:00,AGI,Alamos Gold,15,5,61,-1,https://feargreedmeter.com/top-100-most-popular-meme-stocks-today
2026-07-19T00:22:53+02:00,PLTR,Palantir,9,5,62,-5,https://feargreedmeter.com/top-100-most-popular-meme-stocks-today
2026-07-19T00:22:53+02:00,VXUS,"Vanguard Group, Inc. - Vanguard Total International Stock ETF",15,5,63,-4,https://feargreedmeter.com/top-100-most-popular-meme-stocks-today
2026-07-19T00:22:53+02:00,VTI,Vanguard Total Stock Market ETF,61,5,64,-18,https://feargreedmeter.com/top-100-most-popular-meme-stocks-today
2026-07-19T00:22:53+02:00,DOL,WisdomTree Trust - WisdomTree International LargeCap Dividend Index,11,5,65,5,https://feargreedmeter.com/top-100-most-popular-meme-stocks-today
2026-07-19T00:22:53+02:00,ONDS,Ondas Holdings,22,5,66,-3,https://feargreedmeter.com/top-100-most-popular-meme-stocks-today
2026-07-19T00:22:53+02:00,OS,OneStream,18,5,67,-16,https://feargreedmeter.com/top-100-most-popular-meme-stocks-today
2026-07-19T00:22:53+02:00,KO,Coca-Cola,68,4,68,-19,https://feargreedmeter.com/top-100-most-popular-meme-stocks-today
2026-07-19T00:22:53+02:00,AMAT,Applied Materials,9,4,69,0,https://feargreedmeter.com/top-100-most-popular-meme-stocks-today
2026-07-19T00:22:53+02:00,JD,Jingdong Mall,4,4,70,2,https://feargreedmeter.com/top-100-most-popular-meme-stocks-today
2026-07-19T00:22:53+02:00,MSTR,MicroStrategy,13,4,71,0,https://feargreedmeter.com/top-100-most-popular-meme-stocks-today
2026-07-19T00:22:53+02:00,YOU,CLEAR Secure,9,4,72,-28,https://feargreedmeter.com/top-100-most-popular-meme-stocks-today
2026-07-19T00:22:53+02:00,IREN,Iris Energy,21,4,73,-12,https://feargreedmeter.com/top-100-most-popular-meme-stocks-today
2026-07-19T00:22:53+02:00,TIL,Instil Bio,13,4,74,2,https://feargreedmeter.com/top-100-most-popular-meme-stocks-today
2026-07-19T00:22:53+02:00,DJT,Trump Media & Technology Group,22,4,75,-15,https://feargreedmeter.com/top-100-most-popular-meme-stocks-today
2026-07-19T00:22:53+02:00,SMA,SmartStop Self Storage REIT,12,4,76,-4,https://feargreedmeter.com/top-100-most-popular-meme-stocks-today
2026-07-19T00:22:53+02:00,MO,Altria Group,5,3,77,-1,https://feargreedmeter.com/top-100-most-popular-meme-stocks-today
2026-07-19T00:22:53+02:00,ES,Eversource Energy,7,3,78,-14,https://feargreedmeter.com/top-100-most-popular-meme-stocks-today
2026-07-19T00:22:53+02:00,GL,Globe Life,7,3,79,-4,https://feargreedmeter.com/top-100-most-popular-meme-stocks-today
2026-07-19T00:22:53+02:00,CRM,Salesforce,12,3,80,-6,https://feargreedmeter.com/top-100-most-popular-meme-stocks-today
2026-07-19T00:22:53+02:00,MT,ArcelorMittal,15,3,81,2,https://feargreedmeter.com/top-100-most-popular-meme-stocks-today
2026-07-19T00:22:53+02:00,VC,Visteon,22,3,82,-5,https://feargreedmeter.com/top-100-most-popular-meme-stocks-today
2026-07-19T00:22:53+02:00,PS,Pluralsight,4,3,83,0,https://feargreedmeter.com/top-100-most-popular-meme-stocks-today
2026-07-19T00:22:53+02:00,SNAP,Snap,2,3,84,2,https://feargreedmeter.com/top-100-most-popular-meme-stocks-today
2026-07-19T00:22:53+02:00,NOK,Nokia,10,3,85,1,https://feargreedmeter.com/top-100-most-popular-meme-stocks-today
2026-07-19T00:22:53+02:00,NET,Cloudflare,14,3,86,2,https://feargreedmeter.com/top-100-most-popular-meme-stocks-today
2026-07-19T00:22:53+02:00,CVNA,Carvana,15,3,87,2,https://feargreedmeter.com/top-100-most-popular-meme-stocks-today
2026-07-19T00:22:53+02:00,BE,Bloom Energy,11,3,88,-9,https://feargreedmeter.com/top-100-most-popular-meme-stocks-today
2026-07-19T00:22:53+02:00,UAE,BlackRock Institutional Trust Company N.A. - iShares MSCI UAE ETF,4,3,89,3,https://feargreedmeter.com/top-100-most-popular-meme-stocks-today
2026-07-19T00:22:53+02:00,SMH,VanEck Vectors ETF Trust - VanEck Vectors Semiconductor ETF,5,3,90,-15,https://feargreedmeter.com/top-100-most-popular-meme-stocks-today
2026-07-19T00:22:53+02:00,SOXX,BlackRock Institutional Trust Company N.A. - BTC iShares PHLX Semicond,33,3,91,-12,https://feargreedmeter.com/top-100-most-popular-meme-stocks-today
2026-07-19T00:22:53+02:00,MAGA,ETF Series Solutions Trust - Point Bridge GOP Stock Tracker ETF,324,3,92,2,https://feargreedmeter.com/top-100-most-popular-meme-stocks-today
2026-07-19T00:22:53+02:00,VGT,"Vanguard Group, Inc. - Vanguard Information Technology ETF",3,3,93,2,https://feargreedmeter.com/top-100-most-popular-meme-stocks-today
2026-07-19T00:22:53+02:00,SQQQ,ProShares Trust - ProShares UltraPro Short QQQ,1,3,94,2,https://feargreedmeter.com/top-100-most-popular-meme-stocks-today
2026-07-19T00:22:53+02:00,SOXS,Direxion Shares ETF Trust - Direxion Daily Semiconductor Bear 3X Share,7,3,95,-16,https://feargreedmeter.com/top-100-most-popular-meme-stocks-today
2026-07-19T00:22:53+02:00,QQQM,Invesco Exchange-Traded Fund Trust II - Invesco NASDAQ 100 ETF,4,3,96,-16,https://feargreedmeter.com/top-100-most-popular-meme-stocks-today
2026-07-19T00:22:53+02:00,PUMP,ProPetro,38,3,97,-4,https://feargreedmeter.com/top-100-most-popular-meme-stocks-today
2026-07-19T00:22:53+02:00,CEG,Constellation Energy,8,3,98,3,https://feargreedmeter.com/top-100-most-popular-meme-stocks-today
2026-07-19T00:22:53+02:00,NRC,NRC Health,5,3,99,3,https://feargreedmeter.com/top-100-most-popular-meme-stocks-today
2026-07-19T00:22:53+02:00,WMT,Walmart,7,2,100,-11,https://feargreedmeter.com/top-100-most-popular-meme-stocks-today
2026-07-19T01:24:34+02:00,MU,Micron Technology,655,116,1,-628,https://feargreedmeter.com/top-100-most-popular-meme-stocks-today
2026-07-19T01:24:34+02:00,SPY,SPDR S&P 500 ETF Trust,432,64,2,-342,https://feargreedmeter.com/top-100-most-popular-meme-stocks-today
2026-07-19T01:24:34+02:00,DTE,DTE Energy,6368,63,3,-43,https://feargreedmeter.com/top-100-most-popular-meme-stocks-today
2026-07-19T01:24:34+02:00,QQQ,Invesco QQQ ETF,454,43,4,-167,https://feargreedmeter.com/top-100-most-popular-meme-stocks-today
2026-07-19T01:24:34+02:00,SPCX,SpaceX,580,39,5,-266,https://feargreedmeter.com/top-100-most-popular-meme-stocks-today
2026-07-19T01:24:34+02:00,EU,enCore Energy,351,39,6,28,https://feargreedmeter.com/top-100-most-popular-meme-stocks-today
2026-07-19T01:24:34+02:00,NVDA,NVIDIA,504,30,7,-83,https://feargreedmeter.com/top-100-most-popular-meme-stocks-today
2026-07-19T01:24:34+02:00,MSFT,Microsoft,190,28,8,-74,https://feargreedmeter.com/top-100-most-popular-meme-stocks-today
2026-07-19T01:24:34+02:00,SNDK,Sandisk,134,26,9,-185,https://feargreedmeter.com/top-100-most-popular-meme-stocks-today
2026-07-19T01:24:34+02:00,META,Meta Platforms (Facebook),263,23,10,-69,https://feargreedmeter.com/top-100-most-popular-meme-stocks-today
2026-07-19T01:24:34+02:00,AMD,AMD,66,19,11,-61,https://feargreedmeter.com/top-100-most-popular-meme-stocks-today
2026-07-19T01:24:34+02:00,HBM,Hudbay Minerals,254,19,12,1,https://feargreedmeter.com/top-100-most-popular-meme-stocks-today
2026-07-19T01:24:34+02:00,VOO,Vanguard S&P 500 ETF,256,19,13,-61,https://feargreedmeter.com/top-100-most-popular-meme-stocks-today
2026-07-19T01:24:34+02:00,TQQQ,ProShares Trust - ProShares UltraPro QQQ,256,17,14,4,https://feargreedmeter.com/top-100-most-popular-meme-stocks-today
2026-07-19T01:24:34+02:00,GOOG,Alphabet (Google),182,16,15,-19,https://feargreedmeter.com/top-100-most-popular-meme-stocks-today
2026-07-19T01:24:34+02:00,IBM,IBM,77,15,16,-30,https://feargreedmeter.com/top-100-most-popular-meme-stocks-today
2026-07-19T01:24:34+02:00,TSLA,Tesla,149,13,17,-34,https://feargreedmeter.com/top-100-most-popular-meme-stocks-today
2026-07-19T01:24:34+02:00,ASTS,AST SpaceMobile,37,13,18,-91,https://feargreedmeter.com/top-100-most-popular-meme-stocks-today
2026-07-19T01:24:34+02:00,RKLB,Rocket Lab USA,184,13,19,-44,https://feargreedmeter.com/top-100-most-popular-meme-stocks-today
2026-07-19T01:24:34+02:00,ALL,Allstate,147,12,20,0,https://feargreedmeter.com/top-100-most-popular-meme-stocks-today
2026-07-19T01:24:34+02:00,NFLX,Netflix,20,11,21,-147,https://feargreedmeter.com/top-100-most-popular-meme-stocks-today
2026-07-19T01:24:34+02:00,ASML,ASML,28,10,22,-3,https://feargreedmeter.com/top-100-most-popular-meme-stocks-today
2026-07-19T01:24:34+02:00,VT,"Vanguard Group, Inc. - Vanguard Total World Stock ETF",15,10,23,-4,https://feargreedmeter.com/top-100-most-popular-meme-stocks-today
2026-07-19T01:24:34+02:00,SMCI,Supermicro,89,9,24,-7,https://feargreedmeter.com/top-100-most-popular-meme-stocks-today
2026-07-19T01:24:34+02:00,IQ,iQIYI,85,9,25,2,https://feargreedmeter.com/top-100-most-popular-meme-stocks-today
2026-07-19T01:24:34+02:00,SOXL,Direxion Shares ETF Trust - Direxion Daily Semiconductor Bull 3X Share,13,9,26,-53,https://feargreedmeter.com/top-100-most-popular-meme-stocks-today
2026-07-19T01:24:34+02:00,AMC,AMC Entertainment,42,9,27,-2,https://feargreedmeter.com/top-100-most-popular-meme-stocks-today
2026-07-19T01:24:34+02:00,API,Agora.io,16,9,28,-52,https://feargreedmeter.com/top-100-most-popular-meme-stocks-today
2026-07-19T01:24:34+02:00,LINK,Interlink Electronics,11,9,29,-5,https://feargreedmeter.com/top-100-most-popular-meme-stocks-today
2026-07-19T01:24:34+02:00,LOT,Lotus Technology,17,9,30,6,https://feargreedmeter.com/top-100-most-popular-meme-stocks-today
2026-07-19T01:24:34+02:00,OKLO,Oklo,41,9,31,5,https://feargreedmeter.com/top-100-most-popular-meme-stocks-today
2026-07-19T01:24:34+02:00,NBIS,Nebius Group,24,9,32,-53,https://feargreedmeter.com/top-100-most-popular-meme-stocks-today
2026-07-19T01:24:34+02:00,AMZN,Amazon,116,8,33,2,https://feargreedmeter.com/top-100-most-popular-meme-stocks-today
2026-07-19T01:24:34+02:00,NOW,ServiceNow,17,8,34,-13,https://feargreedmeter.com/top-100-most-popular-meme-stocks-today
2026-07-19T01:24:34+02:00,USO,United States Commodity Funds LLC - United States Oil Fund,22,8,35,-13,https://feargreedmeter.com/top-100-most-popular-meme-stocks-today
2026-07-19T01:24:34+02:00,TE,T1 Energy,16,8,36,-5,https://feargreedmeter.com/top-100-most-popular-meme-stocks-today
2026-07-19T01:24:34+02:00,IT,Gartner,1450,7,37,-19,https://feargreedmeter.com/top-100-most-popular-meme-stocks-today
2026-07-19T01:24:34+02:00,MRVL,Marvell Technology Group,138,7,38,-28,https://feargreedmeter.com/top-100-most-popular-meme-stocks-today
2026-07-19T01:24:34+02:00,FA,First Advantage,51,7,39,6,https://feargreedmeter.com/top-100-most-popular-meme-stocks-today
2026-07-19T01:24:34+02:00,GOOGL,Alphabet (Google),163,7,40,-24,https://feargreedmeter.com/top-100-most-popular-meme-stocks-today
2026-07-19T01:24:34+02:00,AAPL,Apple,129,6,41,-120,https://feargreedmeter.com/top-100-most-popular-meme-stocks-today
2026-07-19T01:24:34+02:00,TSM,TSMC,16,6,42,-31,https://feargreedmeter.com/top-100-most-popular-meme-stocks-today
2026-07-19T01:24:34+02:00,INTC,Intel,33,6,43,-13,https://feargreedmeter.com/top-100-most-popular-meme-stocks-today
2026-07-19T01:24:34+02:00,CC,Chemours,127,6,44,-3,https://feargreedmeter.com/top-100-most-popular-meme-stocks-today
2026-07-19T01:24:34+02:00,AM,Antero Midstream,-1,6,45,-24,https://feargreedmeter.com/top-100-most-popular-meme-stocks-today
2026-07-19T01:24:34+02:00,AGI,Alamos Gold,15,6,46,0,https://feargreedmeter.com/top-100-most-popular-meme-stocks-today
2026-07-19T01:24:34+02:00,AAA,Listed Funds Trust - AAF First Priority CLO Bond ETF,66,6,47,5,https://feargreedmeter.com/top-100-most-popular-meme-stocks-today
2026-07-19T01:24:34+02:00,GME,GameStop,71,6,48,-2,https://feargreedmeter.com/top-100-most-popular-meme-stocks-today
2026-07-19T01:24:34+02:00,FCF,First Commonwealth Financial Corp,13,6,49,-4,https://feargreedmeter.com/top-100-most-popular-meme-stocks-today
2026-07-19T01:24:34+02:00,HOOD,Robinhood,20,6,50,-23,https://feargreedmeter.com/top-100-most-popular-meme-stocks-today
2026-07-19T01:24:34+02:00,SMR,NuScale Power,28,6,51,5,https://feargreedmeter.com/top-100-most-popular-meme-stocks-today
2026-07-19T01:24:34+02:00,RDDT,Reddit,13,6,52,-18,https://feargreedmeter.com/top-100-most-popular-meme-stocks-today
2026-07-19T01:24:34+02:00,GE,General Electric,12,5,53,1,https://feargreedmeter.com/top-100-most-popular-meme-stocks-today
2026-07-19T01:24:34+02:00,SO,Southern Company,12,5,54,-3,https://feargreedmeter.com/top-100-most-popular-meme-stocks-today
2026-07-19T01:24:34+02:00,BABA,Alibaba,6,5,55,1,https://feargreedmeter.com/top-100-most-popular-meme-stocks-today
2026-07-19T01:24:34+02:00,WEN,Wendy’s Company,14,5,56,-37,https://feargreedmeter.com/top-100-most-popular-meme-stocks-today
2026-07-19T01:24:34+02:00,HR,Healthcare Realty,27,5,57,4,https://feargreedmeter.com/top-100-most-popular-meme-stocks-today
2026-07-19T01:24:34+02:00,IBKR,Interactive Brokers,13,5,58,-1,https://feargreedmeter.com/top-100-most-popular-meme-stocks-today
2026-07-19T01:24:34+02:00,CPA,Copa Holdings,20,5,59,5,https://feargreedmeter.com/top-100-most-popular-meme-stocks-today
2026-07-19T01:24:34+02:00,PLTR,Palantir,9,5,60,-3,https://feargreedmeter.com/top-100-most-popular-meme-stocks-today
2026-07-19T01:24:34+02:00,UAE,BlackRock Institutional Trust Company N.A. - iShares MSCI UAE ETF,7,5,61,5,https://feargreedmeter.com/top-100-most-popular-meme-stocks-today
2026-07-19T01:24:34+02:00,VTI,Vanguard Total Stock Market ETF,68,5,62,-17,https://feargreedmeter.com/top-100-most-popular-meme-stocks-today
2026-07-19T01:24:34+02:00,DOL,WisdomTree Trust - WisdomTree International LargeCap Dividend Index,10,5,63,5,https://feargreedmeter.com/top-100-most-popular-meme-stocks-today
2026-07-19T01:24:34+02:00,ONDS,Ondas Holdings,23,5,64,-3,https://feargreedmeter.com/top-100-most-popular-meme-stocks-today
2026-07-19T01:24:34+02:00,RR,Richtech Robotics,7,5,65,0,https://feargreedmeter.com/top-100-most-popular-meme-stocks-today
2026-07-19T01:24:34+02:00,OS,OneStream,17,5,66,-17,https://feargreedmeter.com/top-100-most-popular-meme-stocks-today
2026-07-19T01:24:34+02:00,SNAP,Snap,3,4,67,3,https://feargreedmeter.com/top-100-most-popular-meme-stocks-today
2026-07-19T01:24:34+02:00,NET,Cloudflare,15,4,68,3,https://feargreedmeter.com/top-100-most-popular-meme-stocks-today
2026-07-19T01:24:34+02:00,JD,Jingdong Mall,4,4,69,3,https://feargreedmeter.com/top-100-most-popular-meme-stocks-today
2026-07-19T01:24:34+02:00,VXUS,"Vanguard Group, Inc. - Vanguard Total International Stock ETF",14,4,70,-5,https://feargreedmeter.com/top-100-most-popular-meme-stocks-today
2026-07-19T01:24:34+02:00,MSTR,MicroStrategy,13,4,71,0,https://feargreedmeter.com/top-100-most-popular-meme-stocks-today
2026-07-19T01:24:34+02:00,YOU,CLEAR Secure,12,4,72,-29,https://feargreedmeter.com/top-100-most-popular-meme-stocks-today
2026-07-19T01:24:34+02:00,TIL,Instil Bio,13,4,73,2,https://feargreedmeter.com/top-100-most-popular-meme-stocks-today
2026-07-19T01:24:34+02:00,DJT,Trump Media & Technology Group,25,4,74,-15,https://feargreedmeter.com/top-100-most-popular-meme-stocks-today
2026-07-19T01:24:34+02:00,SMA,SmartStop Self Storage REIT,11,4,75,-4,https://feargreedmeter.com/top-100-most-popular-meme-stocks-today
2026-07-19T01:24:34+02:00,KO,Coca-Cola,66,3,76,-22,https://feargreedmeter.com/top-100-most-popular-meme-stocks-today
2026-07-19T01:24:34+02:00,ORCL,Oracle,21,3,77,-30,https://feargreedmeter.com/top-100-most-popular-meme-stocks-today
2026-07-19T01:24:34+02:00,MO,Altria Group,5,3,78,-1,https://feargreedmeter.com/top-100-most-popular-meme-stocks-today
2026-07-19T01:24:34+02:00,ES,Eversource Energy,7,3,79,-15,https://feargreedmeter.com/top-100-most-popular-meme-stocks-today
2026-07-19T01:24:34+02:00,GL,Globe Life,8,3,80,-4,https://feargreedmeter.com/top-100-most-popular-meme-stocks-today
2026-07-19T01:24:34+02:00,CRM,Salesforce,10,3,81,-5,https://feargreedmeter.com/top-100-most-popular-meme-stocks-today
2026-07-19T01:24:34+02:00,MT,ArcelorMittal,15,3,82,2,https://feargreedmeter.com/top-100-most-popular-meme-stocks-today
2026-07-19T01:24:34+02:00,PS,Pluralsight,4,3,83,2,https://feargreedmeter.com/top-100-most-popular-meme-stocks-today
2026-07-19T01:24:34+02:00,BE,Bloom Energy,13,3,84,-8,https://feargreedmeter.com/top-100-most-popular-meme-stocks-today
2026-07-19T01:24:34+02:00,SMH,VanEck Vectors ETF Trust - VanEck Vectors Semiconductor ETF,5,3,85,-15,https://feargreedmeter.com/top-100-most-popular-meme-stocks-today
2026-07-19T01:24:34+02:00,SOXX,BlackRock Institutional Trust Company N.A. - BTC iShares PHLX Semicond,33,3,86,-12,https://feargreedmeter.com/top-100-most-popular-meme-stocks-today
2026-07-19T01:24:34+02:00,MAGA,ETF Series Solutions Trust - Point Bridge GOP Stock Tracker ETF,341,3,87,2,https://feargreedmeter.com/top-100-most-popular-meme-stocks-today
2026-07-19T01:24:34+02:00,VGT,"Vanguard Group, Inc. - Vanguard Information Technology ETF",3,3,88,2,https://feargreedmeter.com/top-100-most-popular-meme-stocks-today
2026-07-19T01:24:34+02:00,SQQQ,ProShares Trust - ProShares UltraPro Short QQQ,-7,3,89,2,https://feargreedmeter.com/top-100-most-popular-meme-stocks-today
2026-07-19T01:24:34+02:00,SOXS,Direxion Shares ETF Trust - Direxion Daily Semiconductor Bear 3X Share,7,3,90,-16,https://feargreedmeter.com/top-100-most-popular-meme-stocks-today
2026-07-19T01:24:34+02:00,QQQM,Invesco Exchange-Traded Fund Trust II - Invesco NASDAQ 100 ETF,4,3,91,-16,https://feargreedmeter.com/top-100-most-popular-meme-stocks-today
2026-07-19T01:24:34+02:00,SLS,Sellas Life Sciences,19,3,92,-13,https://feargreedmeter.com/top-100-most-popular-meme-stocks-today
2026-07-19T01:24:34+02:00,PUMP,ProPetro,40,3,93,-4,https://feargreedmeter.com/top-100-most-popular-meme-stocks-today
2026-07-19T01:24:34+02:00,IREN,Iris Energy,17,3,94,-13,https://feargreedmeter.com/top-100-most-popular-meme-stocks-today
2026-07-19T01:24:34+02:00,CEG,Constellation Energy,8,3,95,3,https://feargreedmeter.com/top-100-most-popular-meme-stocks-today
2026-07-19T01:24:34+02:00,NEXT,NextDecade Corp,5,3,96,2,https://feargreedmeter.com/top-100-most-popular-meme-stocks-today
2026-07-19T01:24:34+02:00,NRC,NRC Health,5,3,97,3,https://feargreedmeter.com/top-100-most-popular-meme-stocks-today
2026-07-19T01:24:34+02:00,WMT,Walmart,9,2,98,-11,https://feargreedmeter.com/top-100-most-popular-meme-stocks-today
2026-07-19T01:24:34+02:00,AVGO,Broadcom,15,2,99,-5,https://feargreedmeter.com/top-100-most-popular-meme-stocks-today
2026-07-19T01:24:34+02:00,AMAT,Applied Materials,5,2,100,-2,https://feargreedmeter.com/top-100-most-popular-meme-stocks-today
2026-07-19T03:01:49+02:00,MU,Micron Technology,301,106,1,-583,https://feargreedmeter.com/top-100-most-popular-meme-stocks-today
2026-07-19T03:01:49+02:00,SPY,SPDR S&P 500 ETF Trust,427,56,2,-332,https://feargreedmeter.com/top-100-most-popular-meme-stocks-today
2026-07-19T03:01:49+02:00,DTE,DTE Energy,159,52,3,-53,https://feargreedmeter.com/top-100-most-popular-meme-stocks-today
2026-07-19T03:01:49+02:00,QQQ,Invesco QQQ ETF,296,40,4,-166,https://feargreedmeter.com/top-100-most-popular-meme-stocks-today
2026-07-19T03:01:49+02:00,EU,enCore Energy,359,38,5,28,https://feargreedmeter.com/top-100-most-popular-meme-stocks-today
2026-07-19T03:01:49+02:00,SPCX,SpaceX,243,35,6,-224,https://feargreedmeter.com/top-100-most-popular-meme-stocks-today
2026-07-19T03:01:49+02:00,MSFT,Microsoft,255,34,7,-67,https://feargreedmeter.com/top-100-most-popular-meme-stocks-today
2026-07-19T03:01:49+02:00,NVDA,NVIDIA,523,30,8,-75,https://feargreedmeter.com/top-100-most-popular-meme-stocks-today
2026-07-19T03:01:49+02:00,SNDK,Sandisk,57,25,9,-159,https://feargreedmeter.com/top-100-most-popular-meme-stocks-today
2026-07-19T03:01:49+02:00,AMD,AMD,77,24,10,-46,https://feargreedmeter.com/top-100-most-popular-meme-stocks-today
2026-07-19T03:01:49+02:00,META,Meta Platforms (Facebook),305,22,11,-69,https://feargreedmeter.com/top-100-most-popular-meme-stocks-today
2026-07-19T03:01:49+02:00,HBM,Hudbay Minerals,263,20,12,4,https://feargreedmeter.com/top-100-most-popular-meme-stocks-today
2026-07-19T03:01:49+02:00,VOO,Vanguard S&P 500 ETF,258,20,13,-52,https://feargreedmeter.com/top-100-most-popular-meme-stocks-today
2026-07-19T03:01:49+02:00,GOOG,Alphabet (Google),239,18,14,-14,https://feargreedmeter.com/top-100-most-popular-meme-stocks-today
2026-07-19T03:01:49+02:00,TQQQ,ProShares Trust - ProShares UltraPro QQQ,255,17,15,5,https://feargreedmeter.com/top-100-most-popular-meme-stocks-today
2026-07-19T03:01:49+02:00,RKLB,Rocket Lab USA,191,15,16,-37,https://feargreedmeter.com/top-100-most-popular-meme-stocks-today
2026-07-19T03:01:49+02:00,IBM,IBM,81,14,17,-30,https://feargreedmeter.com/top-100-most-popular-meme-stocks-today
2026-07-19T03:01:49+02:00,ASTS,AST SpaceMobile,36,13,18,-88,https://feargreedmeter.com/top-100-most-popular-meme-stocks-today
2026-07-19T03:01:49+02:00,TSLA,Tesla,174,12,19,-34,https://feargreedmeter.com/top-100-most-popular-meme-stocks-today
2026-07-19T03:01:49+02:00,ALL,Allstate,160,12,20,-1,https://feargreedmeter.com/top-100-most-popular-meme-stocks-today
2026-07-19T03:01:49+02:00,ASML,ASML,50,11,21,3,https://feargreedmeter.com/top-100-most-popular-meme-stocks-today
2026-07-19T03:01:49+02:00,IQ,iQIYI,88,11,22,5,https://feargreedmeter.com/top-100-most-popular-meme-stocks-today
2026-07-19T03:01:49+02:00,NFLX,Netflix,19,10,23,-132,https://feargreedmeter.com/top-100-most-popular-meme-stocks-today
2026-07-19T03:01:49+02:00,GOOGL,Alphabet (Google),221,10,24,-22,https://feargreedmeter.com/top-100-most-popular-meme-stocks-today
2026-07-19T03:01:49+02:00,AMZN,Amazon,119,9,25,4,https://feargreedmeter.com/top-100-most-popular-meme-stocks-today
2026-07-19T03:01:49+02:00,VT,"Vanguard Group, Inc. - Vanguard Total World Stock ETF",18,9,26,-3,https://feargreedmeter.com/top-100-most-popular-meme-stocks-today
2026-07-19T03:01:49+02:00,AMC,AMC Entertainment,39,9,27,-3,https://feargreedmeter.com/top-100-most-popular-meme-stocks-today
2026-07-19T03:01:49+02:00,LINK,Interlink Electronics,11,9,28,-3,https://feargreedmeter.com/top-100-most-popular-meme-stocks-today
2026-07-19T03:01:49+02:00,NOW,ServiceNow,17,8,29,-10,https://feargreedmeter.com/top-100-most-popular-meme-stocks-today
2026-07-19T03:01:49+02:00,MRVL,Marvell Technology Group,37,8,30,-23,https://feargreedmeter.com/top-100-most-popular-meme-stocks-today
2026-07-19T03:01:49+02:00,USO,United States Commodity Funds LLC - United States Oil Fund,22,8,31,-12,https://feargreedmeter.com/top-100-most-popular-meme-stocks-today
2026-07-19T03:01:49+02:00,SOXL,Direxion Shares ETF Trust - Direxion Daily Semiconductor Bull 3X Share,12,8,32,-52,https://feargreedmeter.com/top-100-most-popular-meme-stocks-today
2026-07-19T03:01:49+02:00,API,Agora.io,16,8,33,-49,https://feargreedmeter.com/top-100-most-popular-meme-stocks-today
2026-07-19T03:01:49+02:00,LOT,Lotus Technology,17,8,34,5,https://feargreedmeter.com/top-100-most-popular-meme-stocks-today
2026-07-19T03:01:49+02:00,NBIS,Nebius Group,29,8,35,-52,https://feargreedmeter.com/top-100-most-popular-meme-stocks-today
2026-07-19T03:01:49+02:00,TE,T1 Energy,16,8,36,-5,https://feargreedmeter.com/top-100-most-popular-meme-stocks-today
2026-07-19T03:01:49+02:00,SMCI,Supermicro,22,7,37,-7,https://feargreedmeter.com/top-100-most-popular-meme-stocks-today
2026-07-19T03:01:49+02:00,AM,Antero Midstream,1,7,38,-23,https://feargreedmeter.com/top-100-most-popular-meme-stocks-today
2026-07-19T03:01:49+02:00,FCF,First Commonwealth Financial Corp,15,7,39,-2,https://feargreedmeter.com/top-100-most-popular-meme-stocks-today
2026-07-19T03:01:49+02:00,FA,First Advantage,51,7,40,6,https://feargreedmeter.com/top-100-most-popular-meme-stocks-today
2026-07-19T03:01:49+02:00,OKLO,Oklo,36,7,41,1,https://feargreedmeter.com/top-100-most-popular-meme-stocks-today
2026-07-19T03:01:49+02:00,AAPL,Apple,136,6,42,-116,https://feargreedmeter.com/top-100-most-popular-meme-stocks-today
2026-07-19T03:01:49+02:00,TSM,TSMC,20,6,43,-27,https://feargreedmeter.com/top-100-most-popular-meme-stocks-today
2026-07-19T03:01:49+02:00,IT,Gartner,20,6,44,-19,https://feargreedmeter.com/top-100-most-popular-meme-stocks-today
2026-07-19T03:01:49+02:00,CC,Chemours,135,6,45,-1,https://feargreedmeter.com/top-100-most-popular-meme-stocks-today
2026-07-19T03:01:49+02:00,PLTR,Palantir,16,6,46,0,https://feargreedmeter.com/top-100-most-popular-meme-stocks-today
2026-07-19T03:01:49+02:00,GME,GameStop,71,6,47,-1,https://feargreedmeter.com/top-100-most-popular-meme-stocks-today
2026-07-19T03:01:49+02:00,HOOD,Robinhood,19,6,48,-18,https://feargreedmeter.com/top-100-most-popular-meme-stocks-today
2026-07-19T03:01:49+02:00,ONDS,Ondas Holdings,22,6,49,0,https://feargreedmeter.com/top-100-most-popular-meme-stocks-today
2026-07-19T03:01:49+02:00,INTC,Intel,35,5,50,-12,https://feargreedmeter.com/top-100-most-popular-meme-stocks-today
2026-07-19T03:01:49+02:00,HR,Healthcare Realty,24,5,51,4,https://feargreedmeter.com/top-100-most-popular-meme-stocks-today
2026-07-19T03:01:49+02:00,IBKR,Interactive Brokers,14,5,52,1,https://feargreedmeter.com/top-100-most-popular-meme-stocks-today
2026-07-19T03:01:49+02:00,CPA,Copa Holdings,20,5,53,5,https://feargreedmeter.com/top-100-most-popular-meme-stocks-today
2026-07-19T03:01:49+02:00,AGI,Alamos Gold,10,5,54,-1,https://feargreedmeter.com/top-100-most-popular-meme-stocks-today
2026-07-19T03:01:49+02:00,UAE,BlackRock Institutional Trust Company N.A. - iShares MSCI UAE ETF,7,5,55,5,https://feargreedmeter.com/top-100-most-popular-meme-stocks-today
2026-07-19T03:01:49+02:00,VTI,Vanguard Total Stock Market ETF,67,5,56,-14,https://feargreedmeter.com/top-100-most-popular-meme-stocks-today
2026-07-19T03:01:49+02:00,DOL,WisdomTree Trust - WisdomTree International LargeCap Dividend Index,12,5,57,5,https://feargreedmeter.com/top-100-most-popular-meme-stocks-today
2026-07-19T03:01:49+02:00,AAA,Listed Funds Trust - AAF First Priority CLO Bond ETF,36,5,58,4,https://feargreedmeter.com/top-100-most-popular-meme-stocks-today
2026-07-19T03:01:49+02:00,RR,Richtech Robotics,7,5,59,-2,https://feargreedmeter.com/top-100-most-popular-meme-stocks-today
2026-07-19T03:01:49+02:00,DJT,Trump Media & Technology Group,26,5,60,-11,https://feargreedmeter.com/top-100-most-popular-meme-stocks-today
2026-07-19T03:01:49+02:00,OS,OneStream,17,5,61,-17,https://feargreedmeter.com/top-100-most-popular-meme-stocks-today
2026-07-19T03:01:49+02:00,ORCL,Oracle,23,4,62,-26,https://feargreedmeter.com/top-100-most-popular-meme-stocks-today
2026-07-19T03:01:49+02:00,GE,General Electric,7,4,63,0,https://feargreedmeter.com/top-100-most-popular-meme-stocks-today
2026-07-19T03:01:49+02:00,BABA,Alibaba,4,4,64,0,https://feargreedmeter.com/top-100-most-popular-meme-stocks-today
2026-07-19T03:01:49+02:00,WEN,Wendy’s Company,13,4,65,-36,https://feargreedmeter.com/top-100-most-popular-meme-stocks-today
2026-07-19T03:01:49+02:00,NET,Cloudflare,14,4,66,3,https://feargreedmeter.com/top-100-most-popular-meme-stocks-today
2026-07-19T03:01:49+02:00,JD,Jingdong Mall,4,4,67,3,https://feargreedmeter.com/top-100-most-popular-meme-stocks-today
2026-07-19T03:01:49+02:00,YOU,CLEAR Secure,15,4,68,-27,https://feargreedmeter.com/top-100-most-popular-meme-stocks-today
2026-07-19T03:01:49+02:00,RDDT,Reddit,11,4,69,-19,https://feargreedmeter.com/top-100-most-popular-meme-stocks-today
2026-07-19T03:01:49+02:00,SMA,SmartStop Self Storage REIT,11,4,70,-3,https://feargreedmeter.com/top-100-most-popular-meme-stocks-today
2026-07-19T03:01:49+02:00,KO,Coca-Cola,65,3,71,-22,https://feargreedmeter.com/top-100-most-popular-meme-stocks-today
2026-07-19T03:01:49+02:00,MO,Altria Group,5,3,72,-1,https://feargreedmeter.com/top-100-most-popular-meme-stocks-today
2026-07-19T03:01:49+02:00,ES,Eversource Energy,8,3,73,-13,https://feargreedmeter.com/top-100-most-popular-meme-stocks-today
2026-07-19T03:01:49+02:00,GL,Globe Life,8,3,74,-4,https://feargreedmeter.com/top-100-most-popular-meme-stocks-today
2026-07-19T03:01:49+02:00,IP,International Paper,93,3,75,-8,https://feargreedmeter.com/top-100-most-popular-meme-stocks-today
2026-07-19T03:01:49+02:00,SO,Southern Company,11,3,76,-7,https://feargreedmeter.com/top-100-most-popular-meme-stocks-today
2026-07-19T03:01:49+02:00,CRM,Salesforce,12,3,77,-5,https://feargreedmeter.com/top-100-most-popular-meme-stocks-today
2026-07-19T03:01:49+02:00,MT,ArcelorMittal,15,3,78,2,https://feargreedmeter.com/top-100-most-popular-meme-stocks-today
2026-07-19T03:01:49+02:00,PS,Pluralsight,4,3,79,2,https://feargreedmeter.com/top-100-most-popular-meme-stocks-today
2026-07-19T03:01:49+02:00,SNAP,Snap,-1,3,80,2,https://feargreedmeter.com/top-100-most-popular-meme-stocks-today
2026-07-19T03:01:49+02:00,BE,Bloom Energy,15,3,81,-9,https://feargreedmeter.com/top-100-most-popular-meme-stocks-today
2026-07-19T03:01:49+02:00,JUST,Goldman Sachs ETF Trust - Goldman Sachs Just Us Large Cap Equity ETF,20,3,82,0,https://feargreedmeter.com/top-100-most-popular-meme-stocks-today
2026-07-19T03:01:49+02:00,MAGA,ETF Series Solutions Trust - Point Bridge GOP Stock Tracker ETF,346,3,83,2,https://feargreedmeter.com/top-100-most-popular-meme-stocks-today
2026-07-19T03:01:49+02:00,VXUS,"Vanguard Group, Inc. - Vanguard Total International Stock ETF",16,3,84,-4,https://feargreedmeter.com/top-100-most-popular-meme-stocks-today
2026-07-19T03:01:49+02:00,IG,Principal Exchange-Traded Funds - Principal Investment Grade Corporate,11,3,85,-1,https://feargreedmeter.com/top-100-most-popular-meme-stocks-today
2026-07-19T03:01:49+02:00,VGT,"Vanguard Group, Inc. - Vanguard Information Technology ETF",3,3,86,2,https://feargreedmeter.com/top-100-most-popular-meme-stocks-today
2026-07-19T03:01:49+02:00,SOXS,Direxion Shares ETF Trust - Direxion Daily Semiconductor Bear 3X Share,7,3,87,-13,https://feargreedmeter.com/top-100-most-popular-meme-stocks-today
2026-07-19T03:01:49+02:00,SGOV,iShares Trust - iShares 0-3 Month Treasury Bond ETF,6,3,88,-4,https://feargreedmeter.com/top-100-most-popular-meme-stocks-today
2026-07-19T03:01:49+02:00,QQQM,Invesco Exchange-Traded Fund Trust II - Invesco NASDAQ 100 ETF,4,3,89,-13,https://feargreedmeter.com/top-100-most-popular-meme-stocks-today
2026-07-19T03:01:49+02:00,SLS,Sellas Life Sciences,19,3,90,-12,https://feargreedmeter.com/top-100-most-popular-meme-stocks-today
2026-07-19T03:01:49+02:00,MSTR,MicroStrategy,13,3,91,-2,https://feargreedmeter.com/top-100-most-popular-meme-stocks-today
2026-07-19T03:01:49+02:00,PUMP,ProPetro,40,3,92,-3,https://feargreedmeter.com/top-100-most-popular-meme-stocks-today
2026-07-19T03:01:49+02:00,TIL,Instil Bio,9,3,93,1,https://feargreedmeter.com/top-100-most-popular-meme-stocks-today
2026-07-19T03:01:49+02:00,CEG,Constellation Energy,8,3,94,3,https://feargreedmeter.com/top-100-most-popular-meme-stocks-today
2026-07-19T03:01:49+02:00,SMR,NuScale Power,20,3,95,2,https://feargreedmeter.com/top-100-most-popular-meme-stocks-today
2026-07-19T03:01:49+02:00,WMT,Walmart,8,2,96,-8,https://feargreedmeter.com/top-100-most-popular-meme-stocks-today
2026-07-19T03:01:49+02:00,EA,Electronic Arts,3,2,97,1,https://feargreedmeter.com/top-100-most-popular-meme-stocks-today
2026-07-19T03:01:49+02:00,PSA,Public Storage,18,2,98,1,https://feargreedmeter.com/top-100-most-popular-meme-stocks-today
2026-07-19T03:01:49+02:00,WDC,Western Digital,3,2,99,-13,https://feargreedmeter.com/top-100-most-popular-meme-stocks-today
2026-07-19T03:01:49+02:00,JPM,JPMorgan Chase,14,2,100,1,https://feargreedmeter.com/top-100-most-popular-meme-stocks-today
2026-07-19T06:29:38+02:00,MU,Micron Technology,291,97,1,-549,https://feargreedmeter.com/top-100-most-popular-meme-stocks-today
2026-07-19T06:29:38+02:00,SPY,SPDR S&P 500 ETF Trust,254,57,2,-310,https://feargreedmeter.com/top-100-most-popular-meme-stocks-today
2026-07-19T06:29:38+02:00,DTE,DTE Energy,158,51,3,-64,https://feargreedmeter.com/top-100-most-popular-meme-stocks-today
2026-07-19T06:29:38+02:00,SPCX,SpaceX,278,40,4,-199,https://feargreedmeter.com/top-100-most-popular-meme-stocks-today
2026-07-19T06:29:38+02:00,QQQ,Invesco QQQ ETF,321,40,5,-140,https://feargreedmeter.com/top-100-most-popular-meme-stocks-today
2026-07-19T06:29:38+02:00,EU,enCore Energy,376,37,6,26,https://feargreedmeter.com/top-100-most-popular-meme-stocks-today
2026-07-19T06:29:38+02:00,NVDA,NVIDIA,454,34,7,-64,https://feargreedmeter.com/top-100-most-popular-meme-stocks-today
2026-07-19T06:29:38+02:00,MSFT,Microsoft,105,29,8,-74,https://feargreedmeter.com/top-100-most-popular-meme-stocks-today
2026-07-19T06:29:38+02:00,SNDK,Sandisk,61,25,9,-136,https://feargreedmeter.com/top-100-most-popular-meme-stocks-today
2026-07-19T06:29:38+02:00,AMD,AMD,83,23,10,-41,https://feargreedmeter.com/top-100-most-popular-meme-stocks-today
2026-07-19T06:29:38+02:00,HBM,Hudbay Minerals,284,17,11,-4,https://feargreedmeter.com/top-100-most-popular-meme-stocks-today
2026-07-19T06:29:38+02:00,TQQQ,ProShares Trust - ProShares UltraPro QQQ,292,17,12,7,https://feargreedmeter.com/top-100-most-popular-meme-stocks-today
2026-07-19T06:29:38+02:00,VOO,Vanguard S&P 500 ETF,264,16,13,-44,https://feargreedmeter.com/top-100-most-popular-meme-stocks-today
2026-07-19T06:29:38+02:00,META,Meta Platforms (Facebook),260,16,14,-76,https://feargreedmeter.com/top-100-most-popular-meme-stocks-today
2026-07-19T06:29:38+02:00,NFLX,Netflix,36,15,15,-103,https://feargreedmeter.com/top-100-most-popular-meme-stocks-today
2026-07-19T06:29:38+02:00,GOOG,Alphabet (Google),162,14,16,-23,https://feargreedmeter.com/top-100-most-popular-meme-stocks-today
2026-07-19T06:29:38+02:00,TSLA,Tesla,203,14,17,-32,https://feargreedmeter.com/top-100-most-popular-meme-stocks-today
2026-07-19T06:29:38+02:00,RKLB,Rocket Lab USA,205,14,18,-36,https://feargreedmeter.com/top-100-most-popular-meme-stocks-today
2026-07-19T06:29:38+02:00,ASTS,AST SpaceMobile,269,13,19,-84,https://feargreedmeter.com/top-100-most-popular-meme-stocks-today
2026-07-19T06:29:38+02:00,ALL,Allstate,166,11,20,-5,https://feargreedmeter.com/top-100-most-popular-meme-stocks-today
2026-07-19T06:29:38+02:00,IQ,iQIYI,95,11,21,7,https://feargreedmeter.com/top-100-most-popular-meme-stocks-today
2026-07-19T06:29:38+02:00,AMC,AMC Entertainment,50,10,22,0,https://feargreedmeter.com/top-100-most-popular-meme-stocks-today
2026-07-19T06:29:38+02:00,IBM,IBM,42,9,23,-30,https://feargreedmeter.com/top-100-most-popular-meme-stocks-today
2026-07-19T06:29:38+02:00,ASML,ASML,84,9,24,1,https://feargreedmeter.com/top-100-most-popular-meme-stocks-today
2026-07-19T06:29:38+02:00,AM,Antero Midstream,5,9,25,-17,https://feargreedmeter.com/top-100-most-popular-meme-stocks-today
2026-07-19T06:29:38+02:00,SOXL,Direxion Shares ETF Trust - Direxion Daily Semiconductor Bull 3X Share,18,9,26,-47,https://feargreedmeter.com/top-100-most-popular-meme-stocks-today
2026-07-19T06:29:38+02:00,NOW,ServiceNow,16,8,27,-8,https://feargreedmeter.com/top-100-most-popular-meme-stocks-today
2026-07-19T06:29:38+02:00,VT,"Vanguard Group, Inc. - Vanguard Total World Stock ETF",16,8,28,-2,https://feargreedmeter.com/top-100-most-popular-meme-stocks-today
2026-07-19T06:29:38+02:00,GOOGL,Alphabet (Google),248,8,29,-18,https://feargreedmeter.com/top-100-most-popular-meme-stocks-today
2026-07-19T06:29:38+02:00,LINK,Interlink Electronics,10,8,30,-4,https://feargreedmeter.com/top-100-most-popular-meme-stocks-today
2026-07-19T06:29:38+02:00,NBIS,Nebius Group,27,8,31,-46,https://feargreedmeter.com/top-100-most-popular-meme-stocks-today
2026-07-19T06:29:38+02:00,MRVL,Marvell Technology Group,37,7,32,-21,https://feargreedmeter.com/top-100-most-popular-meme-stocks-today
2026-07-19T06:29:38+02:00,CC,Chemours,154,7,33,-1,https://feargreedmeter.com/top-100-most-popular-meme-stocks-today
2026-07-19T06:29:38+02:00,USO,United States Commodity Funds LLC - United States Oil Fund,22,7,34,-13,https://feargreedmeter.com/top-100-most-popular-meme-stocks-today
2026-07-19T06:29:38+02:00,FA,First Advantage,51,7,35,6,https://feargreedmeter.com/top-100-most-popular-meme-stocks-today
2026-07-19T06:29:38+02:00,API,Agora.io,14,7,36,-43,https://feargreedmeter.com/top-100-most-popular-meme-stocks-today
2026-07-19T06:29:38+02:00,LOT,Lotus Technology,14,7,37,2,https://feargreedmeter.com/top-100-most-popular-meme-stocks-today
2026-07-19T06:29:38+02:00,AAPL,Apple,32,6,38,-74,https://feargreedmeter.com/top-100-most-popular-meme-stocks-today
2026-07-19T06:29:38+02:00,AMZN,Amazon,13,6,39,-1,https://feargreedmeter.com/top-100-most-popular-meme-stocks-today
2026-07-19T06:29:38+02:00,IT,Gartner,20,6,40,-15,https://feargreedmeter.com/top-100-most-popular-meme-stocks-today
2026-07-19T06:29:38+02:00,SMCI,Supermicro,21,6,41,-10,https://feargreedmeter.com/top-100-most-popular-meme-stocks-today
2026-07-19T06:29:38+02:00,CPA,Copa Holdings,22,6,42,6,https://feargreedmeter.com/top-100-most-popular-meme-stocks-today
2026-07-19T06:29:38+02:00,PLTR,Palantir,17,6,43,1,https://feargreedmeter.com/top-100-most-popular-meme-stocks-today
2026-07-19T06:29:38+02:00,HOOD,Robinhood,22,6,44,-13,https://feargreedmeter.com/top-100-most-popular-meme-stocks-today
2026-07-19T06:29:38+02:00,ONDS,Ondas Holdings,35,6,45,-1,https://feargreedmeter.com/top-100-most-popular-meme-stocks-today
2026-07-19T06:29:38+02:00,RR,Richtech Robotics,8,6,46,-1,https://feargreedmeter.com/top-100-most-popular-meme-stocks-today
2026-07-19T06:29:38+02:00,WEN,Wendy’s Company,14,5,47,-33,https://feargreedmeter.com/top-100-most-popular-meme-stocks-today
2026-07-19T06:29:38+02:00,HR,Healthcare Realty,27,5,48,2,https://feargreedmeter.com/top-100-most-popular-meme-stocks-today
2026-07-19T06:29:38+02:00,IBKR,Interactive Brokers,15,5,49,1,https://feargreedmeter.com/top-100-most-popular-meme-stocks-today
2026-07-19T06:29:38+02:00,JD,Jingdong Mall,7,5,50,4,https://feargreedmeter.com/top-100-most-popular-meme-stocks-today
2026-07-19T06:29:38+02:00,UAE,BlackRock Institutional Trust Company N.A. - iShares MSCI UAE ETF,7,5,51,5,https://feargreedmeter.com/top-100-most-popular-meme-stocks-today
2026-07-19T06:29:38+02:00,DOL,WisdomTree Trust - WisdomTree International LargeCap Dividend Index,13,5,52,5,https://feargreedmeter.com/top-100-most-popular-meme-stocks-today
2026-07-19T06:29:38+02:00,GME,GameStop,54,5,53,-2,https://feargreedmeter.com/top-100-most-popular-meme-stocks-today
2026-07-19T06:29:38+02:00,FCF,First Commonwealth Financial Corp,12,5,54,-4,https://feargreedmeter.com/top-100-most-popular-meme-stocks-today
2026-07-19T06:29:38+02:00,YOU,CLEAR Secure,16,5,55,-25,https://feargreedmeter.com/top-100-most-popular-meme-stocks-today
2026-07-19T06:29:38+02:00,TE,T1 Energy,6,5,56,-12,https://feargreedmeter.com/top-100-most-popular-meme-stocks-today
2026-07-19T06:29:38+02:00,TSM,TSMC,19,4,57,-30,https://feargreedmeter.com/top-100-most-popular-meme-stocks-today
2026-07-19T06:29:38+02:00,ORCL,Oracle,26,4,58,-22,https://feargreedmeter.com/top-100-most-popular-meme-stocks-today
2026-07-19T06:29:38+02:00,BABA,Alibaba,6,4,59,1,https://feargreedmeter.com/top-100-most-popular-meme-stocks-today
2026-07-19T06:29:38+02:00,IG,Principal Exchange-Traded Funds - Principal Investment Grade Corporate,14,4,60,1,https://feargreedmeter.com/top-100-most-popular-meme-stocks-today
2026-07-19T06:29:38+02:00,AAA,Listed Funds Trust - AAF First Priority CLO Bond ETF,8,4,61,3,https://feargreedmeter.com/top-100-most-popular-meme-stocks-today
2026-07-19T06:29:38+02:00,SLS,Sellas Life Sciences,20,4,62,-12,https://feargreedmeter.com/top-100-most-popular-meme-stocks-today
2026-07-19T06:29:38+02:00,UMAC,Unusual Machines,7,4,63,3,https://feargreedmeter.com/top-100-most-popular-meme-stocks-today
2026-07-19T06:29:38+02:00,RDDT,Reddit,8,4,64,-18,https://feargreedmeter.com/top-100-most-popular-meme-stocks-today
2026-07-19T06:29:38+02:00,DJT,Trump Media & Technology Group,19,4,65,-9,https://feargreedmeter.com/top-100-most-popular-meme-stocks-today
2026-07-19T06:29:38+02:00,OKLO,Oklo,20,4,66,-7,https://feargreedmeter.com/top-100-most-popular-meme-stocks-today
2026-07-19T06:29:38+02:00,INTC,Intel,18,3,67,-15,https://feargreedmeter.com/top-100-most-popular-meme-stocks-today
2026-07-19T06:29:38+02:00,KO,Coca-Cola,65,3,68,-21,https://feargreedmeter.com/top-100-most-popular-meme-stocks-today
2026-07-19T06:29:38+02:00,ES,Eversource Energy,4,3,69,-6,https://feargreedmeter.com/top-100-most-popular-meme-stocks-today
2026-07-19T06:29:38+02:00,SO,Southern Company,10,3,70,-5,https://feargreedmeter.com/top-100-most-popular-meme-stocks-today
2026-07-19T06:29:38+02:00,PS,Pluralsight,4,3,71,2,https://feargreedmeter.com/top-100-most-popular-meme-stocks-today
2026-07-19T06:29:38+02:00,ON,ON Semiconductor,12,3,72,-1,https://feargreedmeter.com/top-100-most-popular-meme-stocks-today
2026-07-19T06:29:38+02:00,DELL,Dell,10,3,73,-3,https://feargreedmeter.com/top-100-most-popular-meme-stocks-today
2026-07-19T06:29:38+02:00,NOK,Nokia,10,3,74,-1,https://feargreedmeter.com/top-100-most-popular-meme-stocks-today
2026-07-19T06:29:38+02:00,ET,Energy Transfer Partners,7,3,75,1,https://feargreedmeter.com/top-100-most-popular-meme-stocks-today
2026-07-19T06:29:38+02:00,BE,Bloom Energy,13,3,76,-7,https://feargreedmeter.com/top-100-most-popular-meme-stocks-today
2026-07-19T06:29:38+02:00,AGI,Alamos Gold,1,3,77,-4,https://feargreedmeter.com/top-100-most-popular-meme-stocks-today
2026-07-19T06:29:38+02:00,JUST,Goldman Sachs ETF Trust - Goldman Sachs Just Us Large Cap Equity ETF,22,3,78,0,https://feargreedmeter.com/top-100-most-popular-meme-stocks-today
2026-07-19T06:29:38+02:00,MAGA,ETF Series Solutions Trust - Point Bridge GOP Stock Tracker ETF,388,3,79,2,https://feargreedmeter.com/top-100-most-popular-meme-stocks-today
2026-07-19T06:29:38+02:00,SQQQ,ProShares Trust - ProShares UltraPro Short QQQ,-8,3,80,2,https://feargreedmeter.com/top-100-most-popular-meme-stocks-today
2026-07-19T06:29:38+02:00,SOXS,Direxion Shares ETF Trust - Direxion Daily Semiconductor Bear 3X Share,7,3,81,-10,https://feargreedmeter.com/top-100-most-popular-meme-stocks-today
2026-07-19T06:29:38+02:00,SGOV,iShares Trust - iShares 0-3 Month Treasury Bond ETF,7,3,82,-3,https://feargreedmeter.com/top-100-most-popular-meme-stocks-today
2026-07-19T06:29:38+02:00,CEG,Constellation Energy,8,3,83,3,https://feargreedmeter.com/top-100-most-popular-meme-stocks-today
2026-07-19T06:29:38+02:00,SMR,NuScale Power,18,3,84,-3,https://feargreedmeter.com/top-100-most-popular-meme-stocks-today
2026-07-19T06:29:38+02:00,AMPX,Amprius Technologies,7,3,85,2,https://feargreedmeter.com/top-100-most-popular-meme-stocks-today
2026-07-19T06:29:38+02:00,OS,OneStream,13,3,86,-21,https://feargreedmeter.com/top-100-most-popular-meme-stocks-today
2026-07-19T06:29:38+02:00,WMT,Walmart,7,2,87,-8,https://feargreedmeter.com/top-100-most-popular-meme-stocks-today
2026-07-19T06:29:38+02:00,MO,Altria Group,4,2,88,-3,https://feargreedmeter.com/top-100-most-popular-meme-stocks-today
2026-07-19T06:29:38+02:00,EA,Electronic Arts,4,2,89,1,https://feargreedmeter.com/top-100-most-popular-meme-stocks-today
2026-07-19T06:29:38+02:00,GE,General Electric,5,2,90,-5,https://feargreedmeter.com/top-100-most-popular-meme-stocks-today
2026-07-19T06:29:38+02:00,GL,Globe Life,6,2,91,-4,https://feargreedmeter.com/top-100-most-popular-meme-stocks-today
2026-07-19T06:29:38+02:00,IP,International Paper,101,2,92,-10,https://feargreedmeter.com/top-100-most-popular-meme-stocks-today
2026-07-19T06:29:38+02:00,PSA,Public Storage,18,2,93,1,https://feargreedmeter.com/top-100-most-popular-meme-stocks-today
2026-07-19T06:29:38+02:00,WDC,Western Digital,3,2,94,-10,https://feargreedmeter.com/top-100-most-popular-meme-stocks-today
2026-07-19T06:29:38+02:00,JPM,JPMorgan Chase,15,2,95,1,https://feargreedmeter.com/top-100-most-popular-meme-stocks-today
2026-07-19T06:29:38+02:00,UNH,UnitedHealth,9,2,96,-7,https://feargreedmeter.com/top-100-most-popular-meme-stocks-today
2026-07-19T06:29:38+02:00,YUM,Yum! Brands,14,2,97,-1,https://feargreedmeter.com/top-100-most-popular-meme-stocks-today
2026-07-19T06:29:38+02:00,MT,ArcelorMittal,12,2,98,1,https://feargreedmeter.com/top-100-most-popular-meme-stocks-today
2026-07-19T06:29:38+02:00,VC,Visteon,22,2,99,-6,https://feargreedmeter.com/top-100-most-popular-meme-stocks-today
2026-07-19T06:29:38+02:00,SPCE,Virgin Galactic,3,2,100,2,https://feargreedmeter.com/top-100-most-popular-meme-stocks-today
